sitemap,url
sitemap1,https://www.diamondpet.com/blog/
sitemap1,https://www.diamondpet.com/blog/adoption/rescues/better-care-for-rescue-dogs-in-2020/
sitemap1,https://www.diamondpet.com/blog/culture/myths/do-senior-dogs-need-senior-dog-food/
sitemap1,https://www.diamondpet.com/blog/health/weight-management/high-blood-pressure-in-cats/
sitemap1,https://www.diamondpet.com/blog/health/conditions/keeping-an-eye-on-your-pets-sight/
sitemap1,https://www.diamondpet.com/blog/health/safety/are-you-measuring-pet-food-properly/
sitemap1,https://www.diamondpet.com/blog/culture/lifestyle/everyday-tails-contest-winners/
sitemap1,https://www.diamondpet.com/blog/health/sensitive-skin/winter-is-tough-on-dogs-skin/
sitemap1,https://www.diamondpet.com/blog/culture/myths/do-cats-bond-with-humans-like-dogs-do/
sitemap1,https://www.diamondpet.com/blog/adoption/rescues/gifting-pet-during-holidays/
sitemap1,https://www.diamondpet.com/blog/health/vet/veterinarian-questions/
sitemap1,https://www.diamondpet.com/blog/health/safety/what-you-need-to-know-about-at-home-dental-care-for-pets/
sitemap1,https://www.diamondpet.com/blog/behavior/training/easier-dog-training/
sitemap1,https://www.diamondpet.com/blog/culture/myths/seven-myths-pet-diabetes/
sitemap1,https://www.diamondpet.com/blog/adoption/rescues/12-things-to-consider-before-giving-a-rescue-dog-as-a-gift/
sitemap1,https://www.diamondpet.com/blog/behavior/psychology/5-things-cats-want-you-to-know/
sitemap1,https://www.diamondpet.com/blog/behavior/psychology/cats-favorite-things/
sitemap1,https://www.diamondpet.com/blog/health/dental/nine-tips-better-pet-dental-care/
sitemap1,https://www.diamondpet.com/blog/health/conditions/pets-have-a-cold-flu-season/
sitemap1,https://www.diamondpet.com/blog/culture/myths/debarking-pet-myths-one-human-year-equals-seven-dog-years/
